time;0;1;2;3;4;5;6;7;8;9;10;11;12;13;14;15;16;17;18;19;20;21;22;23;24;25;26;27;28;29;30;31;32;33;34;35;36;37;38;39;40;41;42;43;44;45;46;47;48;49;50;51;52;53;54;55;56;57;58;59;60;61;62;63;64;65;66;67;68;69;70;71;72;73;74;75;76;77;78;79;80;81;82;83;84;85;86;87;88;89;90;91;92;93;94;95;96;97;98;99;100;101;102;103;104;105;106;107;108;109;110;111;112;113;114;115;116;117;118;119;120;121;122;123;124;125;126;127;128;129;130;131;132;133;134;135;136;137;138;139;140;141;142;143;144;145;146;147;148;149;150;151;152;153;154;155;156;157;158;159;160;161;162;163;164;165;166;167;168;169;170;171;172;173;174;175;176;177;178;179;180;181;182;183;184;185;186;187;188;189;190;191;192;193;194;195;196;197;198;199;200;201;202;203;204;205;206;207;208;209;210;211;212;213;214;215;216;217;218;219;220;221;222;223;224;225;226;227;228;229;230;231;232;233;234;235;236;237;238;239;240;241;242;243;244;245;246;247;248;249;250;251;252;253;254;255;256;257;258;259;260;261;262;263;264;265;266;267;268;269;270;271;272;273;
qtRefStock_Merlu;0.0;0.0;0.0;0.0;0.0;0.0;0.0;0.0;0.0;0.0;0.0;0.0;0.0;0.0;0.0;0.0;0.0;0.0;0.0;0.0;0.0;0.0;0.0;0.0;0.0;0.0;0.0;0.0;0.0;0.0;0.0;0.0;0.0;0.0;0.0;0.0;0.0;0.0;0.0;0.0;0.0;0.0;0.0;0.0;0.0;0.0;0.0;0.0;0.0;0.0;0.0;0.0;0.0;0.0;0.0;0.0;0.0;0.0;0.0;0.0;0.0;0.0;0.0;0.0;0.0;0.0;0.0;0.0;0.0;0.0;0.0;0.0;0.0;0.0;0.0;0.0;0.0;0.0;0.0;0.0;0.0;0.0;0.0;0.0;0.0;0.0;0.0;0.0;0.0;0.0;0.0;0.0;0.0;0.0;0.0;0.0;0.0;0.0;0.0;0.0;0.0;0.0;0.0;0.0;0.0;0.0;0.0;0.0;0.0;0.0;0.0;0.0;0.0;0.0;0.0;0.0;0.0;0.0;0.0;0.0;0.0;0.0;0.0;0.0;0.0;0.0;0.0;0.0;0.0;0.0;0.0;0.0;0.0;0.0;0.0;0.0;0.0;0.0;0.0;0.0;0.0;0.0;0.0;0.0;0.0;0.0;0.0;0.0;0.0;0.0;0.0;0.0;0.0;0.0;0.0;0.0;0.0;0.0;0.0;0.0;0.0;0.0;0.0;0.0;0.0;0.0;0.0;0.0;0.0;0.0;0.0;0.0;0.0;0.0;0.0;0.0;0.0;0.0;0.0;0.0;0.0;0.0;0.0;0.0;0.0;0.0;0.0;0.0;0.0;0.0;0.0;0.0;0.0;0.0;0.0;0.0;0.0;0.0;0.0;0.0;0.0;0.0;0.0;0.0;0.0;0.0;0.0;0.0;0.0;0.0;0.0;0.0;0.0;0.0;0.0;0.0;0.0;0.0;0.0;0.0;0.0;0.0;0.0;0.0;0.0;0.0;0.0;0.0;0.0;0.0;0.0;0.0;0.0;0.0;0.0;0.0;0.0;0.0;0.0;0.0;0.0;0.0;0.0;0.0;0.0;0.0;0.0;0.0;0.0;0.0;0.0;0.0;0.0;0.0;0.0;0.0;0.0;0.0;0.0;0.0;0.0;0.0;0.0;0.0;0.0;0.0;0.0;0.0;0.0;0.0;0.0;0.0;0.0;0.0;
qtRefPeche_Merlu;0.0;0.0;0.0;0.0;0.0;0.0;0.0;0.0;0.0;0.0;0.0;0.0;0.0;0.0;0.0;0.0;0.0;0.0;0.0;0.0;0.0;0.0;0.0;0.0;0.0;0.0;0.0;0.0;0.0;0.0;0.0;0.0;0.0;0.0;0.0;0.0;0.0;0.0;0.0;0.0;0.0;0.0;0.0;0.0;0.0;0.0;0.0;0.0;0.0;0.0;0.0;0.0;0.0;0.0;0.0;0.0;0.0;0.0;0.0;0.0;0.0;0.0;0.0;0.0;0.0;0.0;0.0;0.0;0.0;0.0;0.0;0.0;0.0;0.0;0.0;0.0;0.0;0.0;0.0;0.0;0.0;0.0;0.0;0.0;0.0;0.0;0.0;0.0;0.0;0.0;0.0;0.0;0.0;0.0;0.0;0.0;0.0;0.0;0.0;0.0;0.0;0.0;0.0;0.0;0.0;0.0;0.0;0.0;0.0;0.0;0.0;0.0;0.0;0.0;0.0;0.0;0.0;0.0;0.0;0.0;0.0;0.0;0.0;0.0;0.0;0.0;0.0;0.0;0.0;0.0;0.0;0.0;0.0;0.0;0.0;0.0;0.0;0.0;0.0;0.0;0.0;0.0;0.0;0.0;0.0;0.0;0.0;0.0;0.0;0.0;0.0;0.0;0.0;0.0;0.0;0.0;0.0;0.0;0.0;0.0;0.0;0.0;0.0;0.0;0.0;0.0;0.0;0.0;0.0;0.0;0.0;0.0;0.0;0.0;0.0;0.0;0.0;0.0;0.0;0.0;0.0;0.0;0.0;0.0;0.0;0.0;0.0;0.0;0.0;0.0;0.0;0.0;0.0;0.0;0.0;0.0;0.0;0.0;0.0;0.0;0.0;0.0;0.0;0.0;0.0;0.0;0.0;0.0;0.0;0.0;0.0;0.0;0.0;0.0;0.0;0.0;0.0;0.0;0.0;0.0;0.0;0.0;0.0;0.0;0.0;0.0;0.0;0.0;0.0;0.0;0.0;0.0;0.0;0.0;0.0;0.0;0.0;0.0;0.0;0.0;0.0;0.0;0.0;0.0;0.0;0.0;0.0;0.0;0.0;0.0;0.0;0.0;0.0;0.0;0.0;0.0;0.0;0.0;0.0;0.0;0.0;0.0;0.0;0.0;0.0;0.0;0.0;0.0;0.0;0.0;0.0;0.0;0.0;0.0;
qtRefPeche_Seiche;0.0;0.0;0.0;0.0;0.0;0.0;0.0;0.0;0.0;0.0;0.0;0.0;0.0;0.0;0.0;0.0;0.0;0.37;0.37;0.37;0.37;0.37;0.37;0.37;0.37;0.72;0.72;0.72;0.72;0.72;0.72;0.72;0.72;0.0;0.0;0.0;0.0;0.0;0.0;0.21;0.21;0.21;0.21;0.21;0.21;0.21;0.21;0.21;0.42;0.42;0.42;0.42;0.42;0.42;0.42;0.42;0.42;0.62;0.62;0.62;0.62;0.62;0.62;0.62;0.62;0.62;0.0;0.0;0.35;0.35;0.35;0.35;0.69;0.69;0.69;0.69;0.69;0.0;0.0;0.0;0.2;0.2;0.2;0.4;0.4;0.4;0.0;0.0;0.35;0.35;0.35;0.69;0.69;0.69;0.69;0.0;0.2;0.2;0.2;0.2;0.2;0.2;0.2;0.2;0.2;0.2;0.2;0.2;0.2;0.2;0.2;0.2;0.2;0.2;0.2;0.2;0.2;0.2;0.2;0.2;0.2;0.2;0.2;0.2;0.2;0.2;0.2;0.2;0.2;0.2;0.2;0.2;0.2;0.2;0.2;0.2;0.2;0.2;0.2;0.2;0.2;0.2;0.2;0.2;0.2;0.2;0.2;0.2;0.2;0.2;0.2;0.2;0.2;0.2;0.2;0.2;0.2;0.2;0.2;0.2;0.2;0.2;0.2;0.2;0.2;0.2;0.2;0.2;0.2;0.2;0.2;0.2;0.2;0.2;0.2;0.2;0.2;0.2;0.2;0.2;0.2;0.2;0.2;0.2;0.2;0.2;0.2;0.2;0.2;0.2;0.2;0.2;0.2;0.2;0.2;0.2;0.2;0.2;0.2;0.2;0.2;0.2;0.2;0.2;0.2;0.2;0.2;0.2;0.2;0.2;0.2;0.2;0.2;0.2;0.2;0.2;0.2;0.2;0.2;0.2;0.2;0.2;0.2;0.2;0.2;0.2;0.2;0.2;0.2;0.2;0.2;0.2;0.2;0.2;0.2;0.2;0.2;0.2;0.2;0.2;0.2;0.2;0.4;0.4;0.4;0.4;0.59;0.59;0.59;0.59;0.59;0.59;0.59;0.0;0.0;0.0;0.34;0.34;0.34;0.67;0.67;0.67;0.0;0.0;0.0;0.0;0.0;0.0;0.2;0.2;0.2;0.2;0.2;0.2;
qtRefStock_Sole;29.28;47.38;47.38;47.38;47.38;47.38;47.38;47.38;47.38;47.38;47.38;47.38;47.38;47.38;47.38;47.38;47.38;45.69;45.69;45.69;45.69;45.69;45.69;45.69;45.69;44.06;44.06;44.06;44.06;44.06;44.06;44.06;44.06;44.06;44.06;44.06;44.06;44.06;44.06;42.26;42.26;42.26;42.26;42.26;42.26;42.26;42.26;42.26;40.54;40.54;40.54;40.54;40.54;40.54;40.54;40.54;40.54;38.89;38.89;38.89;38.89;38.89;38.89;38.89;38.89;43.57;43.57;43.57;42.02;42.02;42.02;42.02;40.52;40.52;40.52;40.52;40.52;40.52;40.52;40.52;38.87;38.87;38.87;37.29;37.29;42.04;42.04;42.04;40.54;40.54;40.54;39.09;39.09;39.09;39.09;39.09;37.5;37.5;37.5;37.5;37.5;37.5;37.5;37.5;37.5;37.5;37.5;37.5;37.5;37.5;37.5;37.5;37.5;37.5;37.5;37.5;37.5;37.5;37.5;37.5;37.5;37.5;37.5;37.5;37.5;37.5;37.5;37.5;37.5;37.5;37.5;37.5;37.5;37.5;37.5;37.5;37.5;37.5;37.5;37.5;37.5;37.5;37.5;37.5;37.5;37.5;37.5;37.5;37.5;37.5;37.5;37.5;37.5;37.5;37.5;37.5;37.5;37.5;37.5;37.5;37.5;37.5;37.5;37.5;37.5;37.5;37.5;37.5;37.5;37.5;37.5;37.5;37.5;37.5;37.5;37.5;37.5;37.5;37.5;37.5;37.5;37.5;37.5;37.5;37.5;37.5;37.5;37.5;37.5;37.5;37.5;37.5;37.5;37.5;37.5;37.5;37.5;37.5;37.5;37.5;37.5;37.5;37.5;37.5;37.5;37.5;37.5;37.5;37.5;37.5;37.5;37.5;37.5;37.5;37.5;37.5;37.5;37.5;37.5;37.5;37.5;37.5;37.5;37.5;37.5;37.5;37.5;37.5;37.5;37.5;37.5;37.5;37.5;37.5;37.5;37.5;37.5;37.5;37.5;37.5;37.5;37.5;35.97;35.97;35.97;35.97;34.5;34.5;34.5;34.5;34.5;34.5;39.35;39.35;39.35;39.35;37.95;37.95;37.95;36.6;36.6;36.6;36.6;36.6;36.6;36.6;36.6;36.6;35.11;35.11;35.11;35.11;35.11;39.93;
qtPeche_Sole;0.0;0.0;0.0;0.0;0.0;0.0;0.0;0.0;0.0;0.0;0.0;0.0;0.0;0.0;0.0;0.0;0.0;195.39;195.39;195.39;195.39;195.39;195.39;195.39;195.39;383.85;383.85;383.85;383.85;383.85;383.85;383.85;383.85;0.0;0.0;0.0;0.0;0.0;0.0;208.11;208.11;208.11;208.11;208.11;208.11;208.11;208.11;208.11;406.97;406.97;406.97;406.97;406.97;406.97;406.97;406.97;406.97;597.74;597.74;597.74;597.74;597.74;597.74;597.74;597.74;597.74;0.0;0.0;179.21;179.21;179.21;179.21;352.64;352.64;352.64;352.64;352.64;0.0;0.0;0.0;190.77;190.77;190.77;373.45;373.45;373.45;0.0;0.0;173.43;173.43;173.43;341.08;341.08;341.08;341.08;0.0;183.83;183.83;183.83;183.83;183.83;183.83;183.83;183.83;183.83;183.83;183.83;183.83;183.83;183.83;183.83;183.83;183.83;183.83;183.83;183.83;183.83;183.83;183.83;183.83;183.83;183.83;183.83;183.83;183.83;183.83;183.83;183.83;183.83;183.83;183.83;183.83;183.83;183.83;183.83;183.83;183.83;183.83;183.83;183.83;183.83;183.83;183.83;183.83;183.83;183.83;183.83;183.83;183.83;183.83;183.83;183.83;183.83;183.83;183.83;183.83;183.83;183.83;183.83;183.83;183.83;183.83;183.83;183.83;183.83;183.83;183.83;183.83;183.83;183.83;183.83;183.83;183.83;183.83;183.83;183.83;183.83;183.83;183.83;183.83;183.83;183.83;183.83;183.83;183.83;183.83;183.83;183.83;183.83;183.83;183.83;183.83;183.83;183.83;183.83;183.83;183.83;183.83;183.83;183.83;183.83;183.83;183.83;183.83;183.83;183.83;183.83;183.83;183.83;183.83;183.83;183.83;183.83;183.83;183.83;183.83;183.83;183.83;183.83;183.83;183.83;183.83;183.83;183.83;183.83;183.83;183.83;183.83;183.83;183.83;183.83;183.83;183.83;183.83;183.83;183.83;183.83;183.83;183.83;183.83;183.83;183.83;360.73;360.73;360.73;360.73;530.69;530.69;530.69;530.69;530.69;530.69;530.69;0.0;0.0;0.0;161.87;161.87;161.87;317.95;317.95;317.95;0.0;0.0;0.0;0.0;0.0;0.0;172.27;172.27;172.27;172.27;172.27;172.27;
j3Benefice;0.0;0.0;0.0;0.0;0.0;0.0;0.0;0.0;0.0;0.0;0.0;0.0;0.0;0.0;0.0;0.0;0.0;0.0;0.0;0.0;0.0;0.0;0.0;0.0;0.0;0.0;0.0;0.0;0.0;0.0;0.0;0.0;0.0;0.0;0.0;0.0;0.0;0.0;0.0;0.0;0.0;0.0;0.0;0.0;0.0;0.0;0.0;0.0;0.0;0.0;0.0;0.0;0.0;0.0;0.0;0.0;0.0;0.0;0.0;0.0;0.0;0.0;0.0;0.0;0.0;0.0;0.0;0.0;0.0;0.0;0.0;0.0;0.0;0.0;0.0;0.0;0.0;0.0;0.0;0.0;0.0;0.0;0.0;0.0;0.0;0.0;0.0;0.0;0.0;0.0;0.0;0.0;0.0;0.0;0.0;0.0;0.0;0.0;0.0;0.0;0.0;0.0;0.0;0.0;0.0;0.0;0.0;0.0;0.0;0.0;0.0;0.0;0.0;0.0;0.0;0.0;0.0;0.0;0.0;0.0;0.0;0.0;0.0;0.0;0.0;0.0;0.0;0.0;0.0;0.0;0.0;0.0;0.0;0.0;0.0;0.0;0.0;0.0;0.0;0.0;0.0;0.0;0.0;0.0;0.0;0.0;0.0;0.0;0.0;0.0;0.0;0.0;0.0;0.0;0.0;0.0;0.0;0.0;0.0;0.0;0.0;0.0;0.0;0.0;0.0;0.0;0.0;0.0;0.0;0.0;0.0;0.0;0.0;0.0;0.0;0.0;0.0;0.0;0.0;0.0;0.0;0.0;0.0;0.0;0.0;0.0;0.0;0.0;0.0;0.0;0.0;0.0;0.0;0.0;0.0;0.0;0.0;0.0;0.0;0.0;0.0;0.0;0.0;0.0;0.0;0.0;0.0;0.0;0.0;0.0;0.0;0.0;0.0;0.0;0.0;0.0;0.0;0.0;0.0;0.0;0.0;0.0;0.0;0.0;0.0;0.0;0.0;0.0;0.0;0.0;0.0;0.0;0.0;0.0;0.0;0.0;0.0;0.0;0.0;0.0;0.0;0.0;0.0;0.0;0.0;0.0;0.0;0.0;0.0;0.0;0.0;0.0;0.0;0.0;0.0;0.0;0.0;0.0;0.0;0.0;0.0;0.0;0.0;0.0;0.0;0.0;0.0;0.0;0.0;0.0;0.0;0.0;0.0;0.0;
j1ChargesSalaire;0.0;0.0;0.0;0.0;0.0;0.0;0.0;0.0;0.0;0.0;0.0;0.0;0.0;0.0;0.0;0.0;0.0;0.0;0.0;0.0;0.0;0.0;0.0;0.0;0.0;0.0;0.0;0.0;0.0;0.0;0.0;0.0;0.0;65434.0;65434.0;65434.0;65434.0;65434.0;65434.0;65434.0;65434.0;65434.0;65434.0;65434.0;65434.0;65434.0;65434.0;65434.0;65434.0;65434.0;65434.0;65434.0;65434.0;65434.0;65434.0;65434.0;65434.0;65434.0;65434.0;65434.0;65434.0;65434.0;65434.0;65434.0;65434.0;65434.0;39967.0;39967.0;39967.0;39967.0;39967.0;39967.0;39967.0;39967.0;39967.0;39967.0;39967.0;47049.0;47049.0;47049.0;47049.0;47049.0;47049.0;47049.0;47049.0;47049.0;27316.0;27316.0;27316.0;27316.0;27316.0;27316.0;27316.0;27316.0;27316.0;46418.0;46418.0;46418.0;46418.0;46418.0;46418.0;46418.0;46418.0;46418.0;46418.0;46418.0;46418.0;46418.0;46418.0;46418.0;46418.0;46418.0;46418.0;46418.0;46418.0;46418.0;46418.0;46418.0;46418.0;46418.0;46418.0;46418.0;46418.0;46418.0;46418.0;46418.0;46418.0;46418.0;46418.0;46418.0;46418.0;46418.0;46418.0;46418.0;46418.0;46418.0;46418.0;46418.0;46418.0;46418.0;46418.0;46418.0;46418.0;46418.0;46418.0;46418.0;46418.0;46418.0;46418.0;46418.0;46418.0;46418.0;46418.0;46418.0;46418.0;46418.0;46418.0;46418.0;46418.0;46418.0;46418.0;46418.0;46418.0;46418.0;46418.0;46418.0;46418.0;46418.0;46418.0;46418.0;46418.0;46418.0;46418.0;46418.0;46418.0;46418.0;46418.0;46418.0;46418.0;46418.0;46418.0;46418.0;46418.0;46418.0;46418.0;46418.0;46418.0;46418.0;46418.0;46418.0;46418.0;46418.0;46418.0;46418.0;46418.0;46418.0;46418.0;46418.0;46418.0;46418.0;46418.0;46418.0;46418.0;46418.0;46418.0;46418.0;46418.0;46418.0;46418.0;46418.0;46418.0;46418.0;46418.0;46418.0;46418.0;46418.0;46418.0;46418.0;46418.0;46418.0;46418.0;46418.0;46418.0;46418.0;46418.0;46418.0;46418.0;46418.0;46418.0;46418.0;46418.0;46418.0;46418.0;46418.0;46418.0;46418.0;46418.0;46418.0;46418.0;46418.0;46418.0;46418.0;46418.0;46418.0;46418.0;46418.0;46418.0;46418.0;46418.0;46418.0;46418.0;46418.0;46418.0;35559.0;35559.0;35559.0;35559.0;35559.0;35559.0;35559.0;35559.0;35559.0;50692.0;50692.0;50692.0;50692.0;50692.0;50692.0;50692.0;50692.0;50692.0;50692.0;50692.0;50692.0;
j2Produit;0.0;0.0;0.0;0.0;0.0;0.0;0.0;0.0;0.0;0.0;0.0;0.0;0.0;0.0;0.0;0.0;0.0;0.0;0.0;0.0;0.0;0.0;0.0;0.0;0.0;0.0;0.0;0.0;0.0;0.0;0.0;0.0;0.0;0.0;0.0;0.0;0.0;0.0;0.0;0.0;0.0;0.0;0.0;0.0;0.0;0.0;0.0;0.0;0.0;0.0;0.0;0.0;0.0;0.0;0.0;0.0;0.0;0.0;0.0;0.0;0.0;0.0;0.0;0.0;0.0;0.0;0.0;0.0;0.0;0.0;0.0;0.0;0.0;0.0;0.0;0.0;0.0;0.0;0.0;0.0;0.0;0.0;0.0;0.0;0.0;0.0;0.0;0.0;0.0;0.0;0.0;0.0;0.0;0.0;0.0;0.0;0.0;0.0;0.0;0.0;0.0;0.0;0.0;0.0;0.0;0.0;0.0;0.0;0.0;0.0;0.0;0.0;0.0;0.0;0.0;0.0;0.0;0.0;0.0;0.0;0.0;0.0;0.0;0.0;0.0;0.0;0.0;0.0;0.0;0.0;0.0;0.0;0.0;0.0;0.0;0.0;0.0;0.0;0.0;0.0;0.0;0.0;0.0;0.0;0.0;0.0;0.0;0.0;0.0;0.0;0.0;0.0;0.0;0.0;0.0;0.0;0.0;0.0;0.0;0.0;0.0;0.0;0.0;0.0;0.0;0.0;0.0;0.0;0.0;0.0;0.0;0.0;0.0;0.0;0.0;0.0;0.0;0.0;0.0;0.0;0.0;0.0;0.0;0.0;0.0;0.0;0.0;0.0;0.0;0.0;0.0;0.0;0.0;0.0;0.0;0.0;0.0;0.0;0.0;0.0;0.0;0.0;0.0;0.0;0.0;0.0;0.0;0.0;0.0;0.0;0.0;0.0;0.0;0.0;0.0;0.0;0.0;0.0;0.0;0.0;0.0;0.0;0.0;0.0;0.0;0.0;0.0;0.0;0.0;0.0;0.0;0.0;0.0;0.0;0.0;0.0;0.0;0.0;0.0;0.0;0.0;0.0;0.0;0.0;0.0;0.0;0.0;0.0;0.0;0.0;0.0;0.0;0.0;0.0;0.0;0.0;0.0;0.0;0.0;0.0;0.0;0.0;0.0;0.0;0.0;0.0;0.0;0.0;0.0;0.0;0.0;0.0;0.0;0.0;
qtRefStock_Bar;11.76;19.59;19.59;19.59;19.59;19.59;19.59;19.59;19.59;19.59;19.59;19.59;17.5;17.5;17.5;17.5;17.5;16.57;16.57;16.57;16.57;16.57;16.57;16.57;16.57;16.57;16.57;16.57;16.57;16.57;16.57;16.57;16.57;16.57;16.57;16.57;16.57;16.57;16.57;16.57;16.57;16.57;16.57;16.57;16.57;16.57;16.57;16.57;16.57;16.57;16.57;16.57;16.57;16.57;16.57;16.57;16.57;16.57;16.57;16.57;16.57;16.57;16.57;16.57;16.57;18.26;18.26;18.26;16.51;16.51;16.51;16.51;16.51;16.51;16.51;16.51;16.51;16.51;16.51;16.51;16.51;16.51;16.51;16.51;16.51;18.21;18.21;18.21;16.46;16.46;16.46;16.46;16.46;16.46;16.46;16.46;16.46;16.46;16.46;16.46;16.46;16.46;16.46;16.46;16.46;16.46;16.46;16.46;16.46;16.46;16.46;16.46;16.46;16.46;16.46;16.46;16.46;16.46;16.46;16.46;16.46;16.46;16.46;16.46;16.46;16.46;16.46;16.46;16.46;16.46;16.46;16.46;16.46;16.46;16.46;16.46;16.46;16.46;16.46;16.46;16.46;16.46;16.46;16.46;16.46;16.46;16.46;16.46;16.46;16.46;16.46;16.46;16.46;16.46;16.46;16.46;16.46;16.46;16.46;16.46;16.46;16.46;16.46;16.46;16.46;16.46;16.46;16.46;16.46;16.46;16.46;16.46;16.46;16.46;16.46;16.46;16.46;16.46;16.46;16.46;16.46;16.46;16.46;16.46;16.46;16.46;16.46;16.46;16.46;16.46;16.46;16.46;16.46;16.46;16.46;16.46;16.46;16.46;16.46;16.46;16.46;16.46;16.46;16.46;16.46;16.46;16.46;16.46;16.46;16.46;16.46;16.46;16.46;16.46;16.46;16.46;16.46;16.46;16.46;16.46;16.46;16.46;16.46;16.46;16.46;16.46;16.46;16.46;16.46;16.46;16.46;16.46;16.46;16.46;16.46;16.46;16.46;16.46;16.46;16.46;16.46;16.46;16.46;16.46;16.46;16.46;16.46;16.46;16.46;16.46;16.46;16.46;18.17;18.17;18.17;18.17;16.43;16.43;16.43;15.55;15.55;15.55;15.55;15.55;15.55;15.55;15.55;15.55;15.55;15.55;15.55;15.55;15.55;17.4;
qtPeche_Seiche;0.0;0.0;0.0;0.0;0.0;0.0;0.0;0.0;0.0;0.0;0.0;0.0;0.0;0.0;0.0;0.0;0.0;334.09;334.09;334.09;334.09;334.09;334.09;334.09;334.09;650.12;650.12;650.12;650.12;650.12;650.12;650.12;650.12;0.0;0.0;0.0;0.0;0.0;0.0;189.62;189.62;189.62;189.62;189.62;189.62;189.62;189.62;189.62;379.24;379.24;379.24;379.24;379.24;379.24;379.24;379.24;379.24;559.83;559.83;559.83;559.83;559.83;559.83;559.83;559.83;559.83;0.0;0.0;316.03;316.03;316.03;316.03;623.03;623.03;623.03;623.03;623.03;0.0;0.0;0.0;180.59;180.59;180.59;361.18;361.18;361.18;0.0;0.0;316.03;316.03;316.03;623.03;623.03;623.03;623.03;0.0;180.59;180.59;180.59;180.59;180.59;180.59;180.59;180.59;180.59;180.59;180.59;180.59;180.59;180.59;180.59;180.59;180.59;180.59;180.59;180.59;180.59;180.59;180.59;180.59;180.59;180.59;180.59;180.59;180.59;180.59;180.59;180.59;180.59;180.59;180.59;180.59;180.59;180.59;180.59;180.59;180.59;180.59;180.59;180.59;180.59;180.59;180.59;180.59;180.59;180.59;180.59;180.59;180.59;180.59;180.59;180.59;180.59;180.59;180.59;180.59;180.59;180.59;180.59;180.59;180.59;180.59;180.59;180.59;180.59;180.59;180.59;180.59;180.59;180.59;180.59;180.59;180.59;180.59;180.59;180.59;180.59;180.59;180.59;180.59;180.59;180.59;180.59;180.59;180.59;180.59;180.59;180.59;180.59;180.59;180.59;180.59;180.59;180.59;180.59;180.59;180.59;180.59;180.59;180.59;180.59;180.59;180.59;180.59;180.59;180.59;180.59;180.59;180.59;180.59;180.59;180.59;180.59;180.59;180.59;180.59;180.59;180.59;180.59;180.59;180.59;180.59;180.59;180.59;180.59;180.59;180.59;180.59;180.59;180.59;180.59;180.59;180.59;180.59;180.59;180.59;180.59;180.59;180.59;180.59;180.59;180.59;361.18;361.18;361.18;361.18;532.74;532.74;532.74;532.74;532.74;532.74;532.74;0.0;0.0;0.0;307.0;307.0;307.0;604.97;604.97;604.97;0.0;0.0;0.0;0.0;0.0;0.0;180.59;180.59;180.59;180.59;180.59;180.59;
j2ChargesCarburant;0.0;0.0;0.0;0.0;0.0;0.0;0.0;0.0;0.0;0.0;0.0;0.0;0.0;0.0;0.0;0.0;0.0;0.0;0.0;0.0;0.0;0.0;0.0;0.0;0.0;0.0;0.0;0.0;0.0;0.0;0.0;0.0;0.0;0.0;0.0;0.0;0.0;0.0;0.0;0.0;0.0;0.0;0.0;0.0;0.0;0.0;0.0;0.0;0.0;0.0;0.0;0.0;0.0;0.0;0.0;0.0;0.0;0.0;0.0;0.0;0.0;0.0;0.0;0.0;0.0;0.0;0.0;0.0;0.0;0.0;0.0;0.0;0.0;0.0;0.0;0.0;0.0;0.0;0.0;0.0;0.0;0.0;0.0;0.0;0.0;0.0;0.0;0.0;0.0;0.0;0.0;0.0;0.0;0.0;0.0;0.0;0.0;0.0;0.0;0.0;0.0;0.0;0.0;0.0;0.0;0.0;0.0;0.0;0.0;0.0;0.0;0.0;0.0;0.0;0.0;0.0;0.0;0.0;0.0;0.0;0.0;0.0;0.0;0.0;0.0;0.0;0.0;0.0;0.0;0.0;0.0;0.0;0.0;0.0;0.0;0.0;0.0;0.0;0.0;0.0;0.0;0.0;0.0;0.0;0.0;0.0;0.0;0.0;0.0;0.0;0.0;0.0;0.0;0.0;0.0;0.0;0.0;0.0;0.0;0.0;0.0;0.0;0.0;0.0;0.0;0.0;0.0;0.0;0.0;0.0;0.0;0.0;0.0;0.0;0.0;0.0;0.0;0.0;0.0;0.0;0.0;0.0;0.0;0.0;0.0;0.0;0.0;0.0;0.0;0.0;0.0;0.0;0.0;0.0;0.0;0.0;0.0;0.0;0.0;0.0;0.0;0.0;0.0;0.0;0.0;0.0;0.0;0.0;0.0;0.0;0.0;0.0;0.0;0.0;0.0;0.0;0.0;0.0;0.0;0.0;0.0;0.0;0.0;0.0;0.0;0.0;0.0;0.0;0.0;0.0;0.0;0.0;0.0;0.0;0.0;0.0;0.0;0.0;0.0;0.0;0.0;0.0;0.0;0.0;0.0;0.0;0.0;0.0;0.0;0.0;0.0;0.0;0.0;0.0;0.0;0.0;0.0;0.0;0.0;0.0;0.0;0.0;0.0;0.0;0.0;0.0;0.0;0.0;0.0;0.0;0.0;0.0;0.0;0.0;
j3ChargesCarburant;0.0;0.0;0.0;0.0;0.0;0.0;0.0;0.0;0.0;0.0;0.0;0.0;0.0;0.0;0.0;0.0;0.0;0.0;0.0;0.0;0.0;0.0;0.0;0.0;0.0;0.0;0.0;0.0;0.0;0.0;0.0;0.0;0.0;0.0;0.0;0.0;0.0;0.0;0.0;0.0;0.0;0.0;0.0;0.0;0.0;0.0;0.0;0.0;0.0;0.0;0.0;0.0;0.0;0.0;0.0;0.0;0.0;0.0;0.0;0.0;0.0;0.0;0.0;0.0;0.0;0.0;0.0;0.0;0.0;0.0;0.0;0.0;0.0;0.0;0.0;0.0;0.0;0.0;0.0;0.0;0.0;0.0;0.0;0.0;0.0;0.0;0.0;0.0;0.0;0.0;0.0;0.0;0.0;0.0;0.0;0.0;0.0;0.0;0.0;0.0;0.0;0.0;0.0;0.0;0.0;0.0;0.0;0.0;0.0;0.0;0.0;0.0;0.0;0.0;0.0;0.0;0.0;0.0;0.0;0.0;0.0;0.0;0.0;0.0;0.0;0.0;0.0;0.0;0.0;0.0;0.0;0.0;0.0;0.0;0.0;0.0;0.0;0.0;0.0;0.0;0.0;0.0;0.0;0.0;0.0;0.0;0.0;0.0;0.0;0.0;0.0;0.0;0.0;0.0;0.0;0.0;0.0;0.0;0.0;0.0;0.0;0.0;0.0;0.0;0.0;0.0;0.0;0.0;0.0;0.0;0.0;0.0;0.0;0.0;0.0;0.0;0.0;0.0;0.0;0.0;0.0;0.0;0.0;0.0;0.0;0.0;0.0;0.0;0.0;0.0;0.0;0.0;0.0;0.0;0.0;0.0;0.0;0.0;0.0;0.0;0.0;0.0;0.0;0.0;0.0;0.0;0.0;0.0;0.0;0.0;0.0;0.0;0.0;0.0;0.0;0.0;0.0;0.0;0.0;0.0;0.0;0.0;0.0;0.0;0.0;0.0;0.0;0.0;0.0;0.0;0.0;0.0;0.0;0.0;0.0;0.0;0.0;0.0;0.0;0.0;0.0;0.0;0.0;0.0;0.0;0.0;0.0;0.0;0.0;0.0;0.0;0.0;0.0;0.0;0.0;0.0;0.0;0.0;0.0;0.0;0.0;0.0;0.0;0.0;0.0;0.0;0.0;0.0;0.0;0.0;0.0;0.0;0.0;0.0;
j1ChargesAutres;0.0;0.0;0.0;0.0;0.0;0.0;0.0;0.0;0.0;0.0;0.0;0.0;0.0;0.0;0.0;0.0;0.0;0.0;0.0;0.0;0.0;0.0;0.0;0.0;0.0;0.0;0.0;0.0;0.0;0.0;0.0;0.0;0.0;29082.0;29082.0;29082.0;29082.0;29082.0;29082.0;29082.0;29082.0;29082.0;29082.0;29082.0;29082.0;29082.0;29082.0;29082.0;29082.0;29082.0;29082.0;29082.0;29082.0;29082.0;29082.0;29082.0;29082.0;29082.0;29082.0;29082.0;29082.0;29082.0;29082.0;29082.0;29082.0;29082.0;17763.0;17763.0;17763.0;17763.0;17763.0;17763.0;17763.0;17763.0;17763.0;17763.0;17763.0;20911.0;20911.0;20911.0;20911.0;20911.0;20911.0;20911.0;20911.0;20911.0;12140.0;12140.0;12140.0;12140.0;12140.0;12140.0;12140.0;12140.0;12140.0;20630.0;20630.0;20630.0;20630.0;20630.0;20630.0;20630.0;20630.0;20630.0;20630.0;20630.0;20630.0;20630.0;20630.0;20630.0;20630.0;20630.0;20630.0;20630.0;20630.0;20630.0;20630.0;20630.0;20630.0;20630.0;20630.0;20630.0;20630.0;20630.0;20630.0;20630.0;20630.0;20630.0;20630.0;20630.0;20630.0;20630.0;20630.0;20630.0;20630.0;20630.0;20630.0;20630.0;20630.0;20630.0;20630.0;20630.0;20630.0;20630.0;20630.0;20630.0;20630.0;20630.0;20630.0;20630.0;20630.0;20630.0;20630.0;20630.0;20630.0;20630.0;20630.0;20630.0;20630.0;20630.0;20630.0;20630.0;20630.0;20630.0;20630.0;20630.0;20630.0;20630.0;20630.0;20630.0;20630.0;20630.0;20630.0;20630.0;20630.0;20630.0;20630.0;20630.0;20630.0;20630.0;20630.0;20630.0;20630.0;20630.0;20630.0;20630.0;20630.0;20630.0;20630.0;20630.0;20630.0;20630.0;20630.0;20630.0;20630.0;20630.0;20630.0;20630.0;20630.0;20630.0;20630.0;20630.0;20630.0;20630.0;20630.0;20630.0;20630.0;20630.0;20630.0;20630.0;20630.0;20630.0;20630.0;20630.0;20630.0;20630.0;20630.0;20630.0;20630.0;20630.0;20630.0;20630.0;20630.0;20630.0;20630.0;20630.0;20630.0;20630.0;20630.0;20630.0;20630.0;20630.0;20630.0;20630.0;20630.0;20630.0;20630.0;20630.0;20630.0;20630.0;20630.0;20630.0;20630.0;20630.0;20630.0;20630.0;20630.0;20630.0;20630.0;20630.0;20630.0;20630.0;20630.0;15804.0;15804.0;15804.0;15804.0;15804.0;15804.0;15804.0;15804.0;15804.0;22530.0;22530.0;22530.0;22530.0;22530.0;22530.0;22530.0;22530.0;22530.0;22530.0;22530.0;22530.0;
qtPeche_Bar;0.0;0.0;0.0;0.0;0.0;0.0;0.0;0.0;0.0;0.0;0.0;0.0;785.0;785.0;785.0;785.0;785.0;1134.31;1134.31;1134.31;1134.31;1134.31;1134.31;1134.31;1134.31;1134.31;1134.31;1134.31;1134.31;1134.31;1134.31;1134.31;1134.31;0.0;0.0;0.0;0.0;0.0;0.0;0.0;0.0;0.0;0.0;0.0;0.0;0.0;0.0;0.0;0.0;0.0;0.0;0.0;0.0;0.0;0.0;0.0;0.0;0.0;0.0;0.0;0.0;0.0;0.0;0.0;0.0;0.0;0.0;0.0;657.3;657.3;657.3;657.3;657.3;657.3;657.3;657.3;657.3;0.0;0.0;0.0;0.0;0.0;0.0;0.0;0.0;0.0;0.0;0.0;657.3;657.3;657.3;657.3;657.3;657.3;657.3;0.0;0.0;0.0;0.0;0.0;0.0;0.0;0.0;0.0;0.0;0.0;0.0;0.0;0.0;0.0;0.0;0.0;0.0;0.0;0.0;0.0;0.0;0.0;0.0;0.0;0.0;0.0;0.0;0.0;0.0;0.0;0.0;0.0;0.0;0.0;0.0;0.0;0.0;0.0;0.0;0.0;0.0;0.0;0.0;0.0;0.0;0.0;0.0;0.0;0.0;0.0;0.0;0.0;0.0;0.0;0.0;0.0;0.0;0.0;0.0;0.0;0.0;0.0;0.0;0.0;0.0;0.0;0.0;0.0;0.0;0.0;0.0;0.0;0.0;0.0;0.0;0.0;0.0;0.0;0.0;0.0;0.0;0.0;0.0;0.0;0.0;0.0;0.0;0.0;0.0;0.0;0.0;0.0;0.0;0.0;0.0;0.0;0.0;0.0;0.0;0.0;0.0;0.0;0.0;0.0;0.0;0.0;0.0;0.0;0.0;0.0;0.0;0.0;0.0;0.0;0.0;0.0;0.0;0.0;0.0;0.0;0.0;0.0;0.0;0.0;0.0;0.0;0.0;0.0;0.0;0.0;0.0;0.0;0.0;0.0;0.0;0.0;0.0;0.0;0.0;0.0;0.0;0.0;0.0;0.0;0.0;0.0;0.0;0.0;0.0;0.0;0.0;0.0;0.0;0.0;0.0;0.0;0.0;0.0;0.0;0.0;653.54;653.54;653.54;984.07;984.07;984.07;0.0;0.0;0.0;0.0;0.0;0.0;0.0;0.0;0.0;0.0;0.0;0.0;
qtRefStock_Seiche;5.69;9.67;9.67;9.67;9.67;9.67;9.67;9.67;9.67;9.67;9.67;9.67;9.67;9.67;9.67;9.67;9.67;9.3;9.3;9.3;9.3;9.3;9.3;9.3;9.3;8.95;8.95;8.95;8.95;8.95;8.95;8.95;8.95;8.95;8.95;8.95;8.95;8.95;8.95;8.74;8.74;8.74;8.74;8.74;8.74;8.74;8.74;8.74;8.53;8.53;8.53;8.53;8.53;8.53;8.53;8.53;8.53;8.33;8.33;8.33;8.33;8.33;8.33;8.33;8.33;9.27;9.27;9.27;8.92;8.92;8.92;8.92;8.58;8.58;8.58;8.58;8.58;8.58;8.58;8.58;8.38;8.38;8.38;8.18;8.18;9.17;9.17;9.17;8.82;8.82;8.82;8.48;8.48;8.48;8.48;8.48;8.28;8.28;8.28;8.28;8.28;8.28;8.28;8.28;8.28;8.28;8.28;8.28;8.28;8.28;8.28;8.28;8.28;8.28;8.28;8.28;8.28;8.28;8.28;8.28;8.28;8.28;8.28;8.28;8.28;8.28;8.28;8.28;8.28;8.28;8.28;8.28;8.28;8.28;8.28;8.28;8.28;8.28;8.28;8.28;8.28;8.28;8.28;8.28;8.28;8.28;8.28;8.28;8.28;8.28;8.28;8.28;8.28;8.28;8.28;8.28;8.28;8.28;8.28;8.28;8.28;8.28;8.28;8.28;8.28;8.28;8.28;8.28;8.28;8.28;8.28;8.28;8.28;8.28;8.28;8.28;8.28;8.28;8.28;8.28;8.28;8.28;8.28;8.28;8.28;8.28;8.28;8.28;8.28;8.28;8.28;8.28;8.28;8.28;8.28;8.28;8.28;8.28;8.28;8.28;8.28;8.28;8.28;8.28;8.28;8.28;8.28;8.28;8.28;8.28;8.28;8.28;8.28;8.28;8.28;8.28;8.28;8.28;8.28;8.28;8.28;8.28;8.28;8.28;8.28;8.28;8.28;8.28;8.28;8.28;8.28;8.28;8.28;8.28;8.28;8.28;8.28;8.28;8.28;8.28;8.28;8.28;8.08;8.08;8.08;8.08;7.89;7.89;7.89;7.89;7.89;7.89;8.96;8.96;8.96;8.96;8.62;8.62;8.62;8.29;8.29;8.29;8.29;8.29;8.29;8.29;8.29;8.29;8.09;8.09;8.09;8.09;8.09;9.1;
qtStock_Seiche;8729.0;8729.0;8729.0;8729.0;8729.0;8729.0;8729.0;8729.0;8729.0;8729.0;8729.0;8729.0;8729.0;8729.0;8729.0;8729.0;8729.0;8394.91;8394.91;8394.91;8394.91;8394.91;8394.91;8394.91;8394.91;8078.88;8078.88;8078.88;8078.88;8078.88;8078.88;8078.88;8078.88;8078.88;8078.88;8078.88;8078.88;8078.88;8078.88;7889.26;7889.26;7889.26;7889.26;7889.26;7889.26;7889.26;7889.26;7889.26;7699.64;7699.64;7699.64;7699.64;7699.64;7699.64;7699.64;7699.64;7699.64;7519.05;7519.05;7519.05;7519.05;7519.05;7519.05;7519.05;7519.05;8369.0;8369.0;8369.0;8052.97;8052.97;8052.97;8052.97;7745.97;7745.97;7745.97;7745.97;7745.97;7745.97;7745.97;7745.97;7565.38;7565.38;7565.38;7384.79;7384.79;8276.0;8276.0;8276.0;7959.97;7959.97;7959.97;7652.97;7652.97;7652.97;7652.97;7652.97;7472.38;7472.38;7472.38;7472.38;7472.38;7472.38;7472.38;7472.38;7472.38;7472.38;7472.38;7472.38;7472.38;7472.38;7472.38;7472.38;7472.38;7472.38;7472.38;7472.38;7472.38;7472.38;7472.38;7472.38;7472.38;7472.38;7472.38;7472.38;7472.38;7472.38;7472.38;7472.38;7472.38;7472.38;7472.38;7472.38;7472.38;7472.38;7472.38;7472.38;7472.38;7472.38;7472.38;7472.38;7472.38;7472.38;7472.38;7472.38;7472.38;7472.38;7472.38;7472.38;7472.38;7472.38;7472.38;7472.38;7472.38;7472.38;7472.38;7472.38;7472.38;7472.38;7472.38;7472.38;7472.38;7472.38;7472.38;7472.38;7472.38;7472.38;7472.38;7472.38;7472.38;7472.38;7472.38;7472.38;7472.38;7472.38;7472.38;7472.38;7472.38;7472.38;7472.38;7472.38;7472.38;7472.38;7472.38;7472.38;7472.38;7472.38;7472.38;7472.38;7472.38;7472.38;7472.38;7472.38;7472.38;7472.38;7472.38;7472.38;7472.38;7472.38;7472.38;7472.38;7472.38;7472.38;7472.38;7472.38;7472.38;7472.38;7472.38;7472.38;7472.38;7472.38;7472.38;7472.38;7472.38;7472.38;7472.38;7472.38;7472.38;7472.38;7472.38;7472.38;7472.38;7472.38;7472.38;7472.38;7472.38;7472.38;7472.38;7472.38;7472.38;7472.38;7472.38;7472.38;7472.38;7472.38;7472.38;7472.38;7472.38;7472.38;7472.38;7472.38;7472.38;7472.38;7291.79;7291.79;7291.79;7291.79;7120.23;7120.23;7120.23;7120.23;7120.23;7120.23;8087.0;8087.0;8087.0;8087.0;7780.0;7780.0;7780.0;7482.03;7482.03;7482.03;7482.03;7482.03;7482.03;7482.03;7482.03;7482.03;7301.44;7301.44;7301.44;7301.44;7301.44;8218.0;
qtStock_Sole;5478.0;5478.0;5478.0;5478.0;5478.0;5478.0;5478.0;5478.0;5478.0;5478.0;5478.0;5478.0;5478.0;5478.0;5478.0;5478.0;5478.0;5282.61;5282.61;5282.61;5282.61;5282.61;5282.61;5282.61;5282.61;5094.15;5094.15;5094.15;5094.15;5094.15;5094.15;5094.15;5094.15;5094.15;5094.15;5094.15;5094.15;5094.15;5094.15;4886.04;4886.04;4886.04;4886.04;4886.04;4886.04;4886.04;4886.04;4886.04;4687.18;4687.18;4687.18;4687.18;4687.18;4687.18;4687.18;4687.18;4687.18;4496.41;4496.41;4496.41;4496.41;4496.41;4496.41;4496.41;4496.41;5037.0;5037.0;5037.0;4857.79;4857.79;4857.79;4857.79;4684.36;4684.36;4684.36;4684.36;4684.36;4684.36;4684.36;4684.36;4493.59;4493.59;4493.59;4310.91;4310.91;4861.0;4861.0;4861.0;4687.57;4687.57;4687.57;4519.92;4519.92;4519.92;4519.92;4519.92;4336.09;4336.09;4336.09;4336.09;4336.09;4336.09;4336.09;4336.09;4336.09;4336.09;4336.09;4336.09;4336.09;4336.09;4336.09;4336.09;4336.09;4336.09;4336.09;4336.09;4336.09;4336.09;4336.09;4336.09;4336.09;4336.09;4336.09;4336.09;4336.09;4336.09;4336.09;4336.09;4336.09;4336.09;4336.09;4336.09;4336.09;4336.09;4336.09;4336.09;4336.09;4336.09;4336.09;4336.09;4336.09;4336.09;4336.09;4336.09;4336.09;4336.09;4336.09;4336.09;4336.09;4336.09;4336.09;4336.09;4336.09;4336.09;4336.09;4336.09;4336.09;4336.09;4336.09;4336.09;4336.09;4336.09;4336.09;4336.09;4336.09;4336.09;4336.09;4336.09;4336.09;4336.09;4336.09;4336.09;4336.09;4336.09;4336.09;4336.09;4336.09;4336.09;4336.09;4336.09;4336.09;4336.09;4336.09;4336.09;4336.09;4336.09;4336.09;4336.09;4336.09;4336.09;4336.09;4336.09;4336.09;4336.09;4336.09;4336.09;4336.09;4336.09;4336.09;4336.09;4336.09;4336.09;4336.09;4336.09;4336.09;4336.09;4336.09;4336.09;4336.09;4336.09;4336.09;4336.09;4336.09;4336.09;4336.09;4336.09;4336.09;4336.09;4336.09;4336.09;4336.09;4336.09;4336.09;4336.09;4336.09;4336.09;4336.09;4336.09;4336.09;4336.09;4336.09;4336.09;4336.09;4336.09;4336.09;4336.09;4336.09;4336.09;4336.09;4336.09;4336.09;4336.09;4159.19;4159.19;4159.19;4159.19;3989.23;3989.23;3989.23;3989.23;3989.23;3989.23;4549.0;4549.0;4549.0;4549.0;4387.13;4387.13;4387.13;4231.05;4231.05;4231.05;4231.05;4231.05;4231.05;4231.05;4231.05;4231.05;4058.78;4058.78;4058.78;4058.78;4058.78;4617.0;
qtRefPeche_Sole;0.0;0.0;0.0;0.0;0.0;0.0;0.0;0.0;0.0;0.0;0.0;0.0;0.0;0.0;0.0;0.0;0.0;1.69;1.69;1.69;1.69;1.69;1.69;1.69;1.69;3.32;3.32;3.32;3.32;3.32;3.32;3.32;3.32;0.0;0.0;0.0;0.0;0.0;0.0;1.8;1.8;1.8;1.8;1.8;1.8;1.8;1.8;1.8;3.52;3.52;3.52;3.52;3.52;3.52;3.52;3.52;3.52;5.17;5.17;5.17;5.17;5.17;5.17;5.17;5.17;5.17;0.0;0.0;1.55;1.55;1.55;1.55;3.05;3.05;3.05;3.05;3.05;0.0;0.0;0.0;1.65;1.65;1.65;3.23;3.23;3.23;0.0;0.0;1.5;1.5;1.5;2.95;2.95;2.95;2.95;0.0;1.59;1.59;1.59;1.59;1.59;1.59;1.59;1.59;1.59;1.59;1.59;1.59;1.59;1.59;1.59;1.59;1.59;1.59;1.59;1.59;1.59;1.59;1.59;1.59;1.59;1.59;1.59;1.59;1.59;1.59;1.59;1.59;1.59;1.59;1.59;1.59;1.59;1.59;1.59;1.59;1.59;1.59;1.59;1.59;1.59;1.59;1.59;1.59;1.59;1.59;1.59;1.59;1.59;1.59;1.59;1.59;1.59;1.59;1.59;1.59;1.59;1.59;1.59;1.59;1.59;1.59;1.59;1.59;1.59;1.59;1.59;1.59;1.59;1.59;1.59;1.59;1.59;1.59;1.59;1.59;1.59;1.59;1.59;1.59;1.59;1.59;1.59;1.59;1.59;1.59;1.59;1.59;1.59;1.59;1.59;1.59;1.59;1.59;1.59;1.59;1.59;1.59;1.59;1.59;1.59;1.59;1.59;1.59;1.59;1.59;1.59;1.59;1.59;1.59;1.59;1.59;1.59;1.59;1.59;1.59;1.59;1.59;1.59;1.59;1.59;1.59;1.59;1.59;1.59;1.59;1.59;1.59;1.59;1.59;1.59;1.59;1.59;1.59;1.59;1.59;1.59;1.59;1.59;1.59;1.59;1.59;3.12;3.12;3.12;3.12;4.59;4.59;4.59;4.59;4.59;4.59;4.59;0.0;0.0;0.0;1.4;1.4;1.4;2.75;2.75;2.75;0.0;0.0;0.0;0.0;0.0;0.0;1.49;1.49;1.49;1.49;1.49;1.49;
j2ChargesTaxe;0.0;0.0;0.0;0.0;0.0;0.0;0.0;0.0;0.0;0.0;0.0;0.0;0.0;0.0;0.0;0.0;0.0;0.0;0.0;0.0;0.0;0.0;0.0;0.0;0.0;0.0;0.0;0.0;0.0;0.0;0.0;0.0;0.0;0.0;0.0;0.0;0.0;0.0;0.0;0.0;0.0;0.0;0.0;0.0;0.0;0.0;0.0;0.0;0.0;0.0;0.0;0.0;0.0;0.0;0.0;0.0;0.0;0.0;0.0;0.0;0.0;0.0;0.0;0.0;0.0;0.0;0.0;0.0;0.0;0.0;0.0;0.0;0.0;0.0;0.0;0.0;0.0;0.0;0.0;0.0;0.0;0.0;0.0;0.0;0.0;0.0;0.0;0.0;0.0;0.0;0.0;0.0;0.0;0.0;0.0;0.0;0.0;0.0;0.0;0.0;0.0;0.0;0.0;0.0;0.0;0.0;0.0;0.0;0.0;0.0;0.0;0.0;0.0;0.0;0.0;0.0;0.0;0.0;0.0;0.0;0.0;0.0;0.0;0.0;0.0;0.0;0.0;0.0;0.0;0.0;0.0;0.0;0.0;0.0;0.0;0.0;0.0;0.0;0.0;0.0;0.0;0.0;0.0;0.0;0.0;0.0;0.0;0.0;0.0;0.0;0.0;0.0;0.0;0.0;0.0;0.0;0.0;0.0;0.0;0.0;0.0;0.0;0.0;0.0;0.0;0.0;0.0;0.0;0.0;0.0;0.0;0.0;0.0;0.0;0.0;0.0;0.0;0.0;0.0;0.0;0.0;0.0;0.0;0.0;0.0;0.0;0.0;0.0;0.0;0.0;0.0;0.0;0.0;0.0;0.0;0.0;0.0;0.0;0.0;0.0;0.0;0.0;0.0;0.0;0.0;0.0;0.0;0.0;0.0;0.0;0.0;0.0;0.0;0.0;0.0;0.0;0.0;0.0;0.0;0.0;0.0;0.0;0.0;0.0;0.0;0.0;0.0;0.0;0.0;0.0;0.0;0.0;0.0;0.0;0.0;0.0;0.0;0.0;0.0;0.0;0.0;0.0;0.0;0.0;0.0;0.0;0.0;0.0;0.0;0.0;0.0;0.0;0.0;0.0;0.0;0.0;0.0;0.0;0.0;0.0;0.0;0.0;0.0;0.0;0.0;0.0;0.0;0.0;0.0;0.0;0.0;0.0;0.0;0.0;
j1ChargesCarburant;0.0;0.0;0.0;0.0;0.0;0.0;0.0;0.0;0.0;0.0;0.0;0.0;0.0;0.0;0.0;0.0;0.0;0.0;0.0;0.0;0.0;0.0;0.0;0.0;0.0;0.0;0.0;0.0;0.0;0.0;0.0;0.0;359.0;359.0;359.0;359.0;359.0;359.0;359.0;359.0;359.0;359.0;359.0;359.0;359.0;359.0;359.0;359.0;359.0;359.0;359.0;359.0;359.0;359.0;359.0;359.0;359.0;359.0;359.0;359.0;359.0;359.0;359.0;359.0;359.0;359.0;359.0;359.0;359.0;359.0;359.0;359.0;359.0;359.0;359.0;359.0;359.0;112.0;112.0;112.0;112.0;112.0;112.0;112.0;112.0;112.0;90.0;90.0;90.0;90.0;90.0;90.0;90.0;90.0;90.0;90.0;90.0;90.0;90.0;90.0;90.0;90.0;90.0;90.0;90.0;90.0;90.0;90.0;90.0;90.0;90.0;90.0;90.0;90.0;90.0;90.0;90.0;90.0;90.0;90.0;90.0;90.0;90.0;90.0;90.0;90.0;90.0;90.0;90.0;90.0;90.0;90.0;90.0;90.0;90.0;90.0;90.0;90.0;90.0;90.0;90.0;90.0;90.0;90.0;90.0;90.0;90.0;90.0;90.0;90.0;90.0;90.0;90.0;90.0;90.0;90.0;90.0;90.0;90.0;90.0;90.0;90.0;90.0;90.0;90.0;90.0;90.0;90.0;90.0;90.0;90.0;90.0;90.0;90.0;90.0;90.0;90.0;90.0;90.0;90.0;90.0;90.0;90.0;90.0;90.0;90.0;90.0;90.0;90.0;90.0;90.0;90.0;90.0;90.0;90.0;90.0;90.0;90.0;90.0;90.0;90.0;90.0;90.0;90.0;90.0;90.0;90.0;90.0;90.0;90.0;90.0;90.0;90.0;90.0;90.0;90.0;90.0;90.0;90.0;90.0;90.0;90.0;90.0;90.0;90.0;90.0;90.0;90.0;90.0;90.0;90.0;90.0;90.0;90.0;90.0;90.0;90.0;90.0;90.0;90.0;90.0;90.0;90.0;90.0;90.0;90.0;90.0;90.0;90.0;90.0;90.0;90.0;90.0;157.0;157.0;157.0;157.0;157.0;157.0;157.0;157.0;157.0;90.0;90.0;90.0;90.0;90.0;90.0;90.0;90.0;90.0;90.0;90.0;90.0;
j2ChargesSalaire;0.0;0.0;0.0;0.0;0.0;0.0;0.0;0.0;0.0;0.0;0.0;0.0;0.0;0.0;0.0;0.0;0.0;0.0;0.0;0.0;0.0;0.0;0.0;0.0;0.0;0.0;0.0;0.0;0.0;0.0;0.0;0.0;0.0;0.0;0.0;0.0;0.0;0.0;0.0;0.0;0.0;0.0;0.0;0.0;0.0;0.0;0.0;0.0;0.0;0.0;0.0;0.0;0.0;0.0;0.0;0.0;0.0;0.0;0.0;0.0;0.0;0.0;0.0;0.0;0.0;0.0;0.0;0.0;0.0;0.0;0.0;0.0;0.0;0.0;0.0;0.0;0.0;0.0;0.0;0.0;0.0;0.0;0.0;0.0;0.0;0.0;0.0;0.0;0.0;0.0;0.0;0.0;0.0;0.0;0.0;0.0;0.0;0.0;0.0;0.0;0.0;0.0;0.0;0.0;0.0;0.0;0.0;0.0;0.0;0.0;0.0;0.0;0.0;0.0;0.0;0.0;0.0;0.0;0.0;0.0;0.0;0.0;0.0;0.0;0.0;0.0;0.0;0.0;0.0;0.0;0.0;0.0;0.0;0.0;0.0;0.0;0.0;0.0;0.0;0.0;0.0;0.0;0.0;0.0;0.0;0.0;0.0;0.0;0.0;0.0;0.0;0.0;0.0;0.0;0.0;0.0;0.0;0.0;0.0;0.0;0.0;0.0;0.0;0.0;0.0;0.0;0.0;0.0;0.0;0.0;0.0;0.0;0.0;0.0;0.0;0.0;0.0;0.0;0.0;0.0;0.0;0.0;0.0;0.0;0.0;0.0;0.0;0.0;0.0;0.0;0.0;0.0;0.0;0.0;0.0;0.0;0.0;0.0;0.0;0.0;0.0;0.0;0.0;0.0;0.0;0.0;0.0;0.0;0.0;0.0;0.0;0.0;0.0;0.0;0.0;0.0;0.0;0.0;0.0;0.0;0.0;0.0;0.0;0.0;0.0;0.0;0.0;0.0;0.0;0.0;0.0;0.0;0.0;0.0;0.0;0.0;0.0;0.0;0.0;0.0;0.0;0.0;0.0;0.0;0.0;0.0;0.0;0.0;0.0;0.0;0.0;0.0;0.0;0.0;0.0;0.0;0.0;0.0;0.0;0.0;0.0;0.0;0.0;0.0;0.0;0.0;0.0;0.0;0.0;0.0;0.0;0.0;0.0;0.0;
j1Produit;0.0;0.0;0.0;0.0;0.0;0.0;0.0;0.0;0.0;0.0;0.0;0.0;0.0;0.0;0.0;0.0;0.0;0.0;0.0;0.0;0.0;0.0;0.0;0.0;0.0;0.0;0.0;0.0;0.0;0.0;0.0;0.0;0.0;145409.0;145409.0;145409.0;145409.0;145409.0;145409.0;145409.0;145409.0;145409.0;145409.0;145409.0;145409.0;145409.0;145409.0;145409.0;145409.0;145409.0;145409.0;145409.0;145409.0;145409.0;145409.0;145409.0;145409.0;145409.0;145409.0;145409.0;145409.0;145409.0;145409.0;145409.0;145409.0;145409.0;88816.0;88816.0;88816.0;88816.0;88816.0;88816.0;88816.0;88816.0;88816.0;88816.0;88816.0;104554.0;104554.0;104554.0;104554.0;104554.0;104554.0;104554.0;104554.0;104554.0;60702.0;60702.0;60702.0;60702.0;60702.0;60702.0;60702.0;60702.0;60702.0;103150.0;103150.0;103150.0;103150.0;103150.0;103150.0;103150.0;103150.0;103150.0;103150.0;103150.0;103150.0;103150.0;103150.0;103150.0;103150.0;103150.0;103150.0;103150.0;103150.0;103150.0;103150.0;103150.0;103150.0;103150.0;103150.0;103150.0;103150.0;103150.0;103150.0;103150.0;103150.0;103150.0;103150.0;103150.0;103150.0;103150.0;103150.0;103150.0;103150.0;103150.0;103150.0;103150.0;103150.0;103150.0;103150.0;103150.0;103150.0;103150.0;103150.0;103150.0;103150.0;103150.0;103150.0;103150.0;103150.0;103150.0;103150.0;103150.0;103150.0;103150.0;103150.0;103150.0;103150.0;103150.0;103150.0;103150.0;103150.0;103150.0;103150.0;103150.0;103150.0;103150.0;103150.0;103150.0;103150.0;103150.0;103150.0;103150.0;103150.0;103150.0;103150.0;103150.0;103150.0;103150.0;103150.0;103150.0;103150.0;103150.0;103150.0;103150.0;103150.0;103150.0;103150.0;103150.0;103150.0;103150.0;103150.0;103150.0;103150.0;103150.0;103150.0;103150.0;103150.0;103150.0;103150.0;103150.0;103150.0;103150.0;103150.0;103150.0;103150.0;103150.0;103150.0;103150.0;103150.0;103150.0;103150.0;103150.0;103150.0;103150.0;103150.0;103150.0;103150.0;103150.0;103150.0;103150.0;103150.0;103150.0;103150.0;103150.0;103150.0;103150.0;103150.0;103150.0;103150.0;103150.0;103150.0;103150.0;103150.0;103150.0;103150.0;103150.0;103150.0;103150.0;103150.0;103150.0;103150.0;103150.0;103150.0;103150.0;103150.0;103150.0;103150.0;103150.0;103150.0;103150.0;103150.0;79020.0;79020.0;79020.0;79020.0;79020.0;79020.0;79020.0;79020.0;79020.0;112648.0;112648.0;112648.0;112648.0;112648.0;112648.0;112648.0;112648.0;112648.0;112648.0;112648.0;112648.0;
j3ChargesSalaire;0.0;0.0;0.0;0.0;0.0;0.0;0.0;0.0;0.0;0.0;0.0;0.0;0.0;0.0;0.0;0.0;0.0;0.0;0.0;0.0;0.0;0.0;0.0;0.0;0.0;0.0;0.0;0.0;0.0;0.0;0.0;0.0;0.0;0.0;0.0;0.0;0.0;0.0;0.0;0.0;0.0;0.0;0.0;0.0;0.0;0.0;0.0;0.0;0.0;0.0;0.0;0.0;0.0;0.0;0.0;0.0;0.0;0.0;0.0;0.0;0.0;0.0;0.0;0.0;0.0;0.0;0.0;0.0;0.0;0.0;0.0;0.0;0.0;0.0;0.0;0.0;0.0;0.0;0.0;0.0;0.0;0.0;0.0;0.0;0.0;0.0;0.0;0.0;0.0;0.0;0.0;0.0;0.0;0.0;0.0;0.0;0.0;0.0;0.0;0.0;0.0;0.0;0.0;0.0;0.0;0.0;0.0;0.0;0.0;0.0;0.0;0.0;0.0;0.0;0.0;0.0;0.0;0.0;0.0;0.0;0.0;0.0;0.0;0.0;0.0;0.0;0.0;0.0;0.0;0.0;0.0;0.0;0.0;0.0;0.0;0.0;0.0;0.0;0.0;0.0;0.0;0.0;0.0;0.0;0.0;0.0;0.0;0.0;0.0;0.0;0.0;0.0;0.0;0.0;0.0;0.0;0.0;0.0;0.0;0.0;0.0;0.0;0.0;0.0;0.0;0.0;0.0;0.0;0.0;0.0;0.0;0.0;0.0;0.0;0.0;0.0;0.0;0.0;0.0;0.0;0.0;0.0;0.0;0.0;0.0;0.0;0.0;0.0;0.0;0.0;0.0;0.0;0.0;0.0;0.0;0.0;0.0;0.0;0.0;0.0;0.0;0.0;0.0;0.0;0.0;0.0;0.0;0.0;0.0;0.0;0.0;0.0;0.0;0.0;0.0;0.0;0.0;0.0;0.0;0.0;0.0;0.0;0.0;0.0;0.0;0.0;0.0;0.0;0.0;0.0;0.0;0.0;0.0;0.0;0.0;0.0;0.0;0.0;0.0;0.0;0.0;0.0;0.0;0.0;0.0;0.0;0.0;0.0;0.0;0.0;0.0;0.0;0.0;0.0;0.0;0.0;0.0;0.0;0.0;0.0;0.0;0.0;0.0;0.0;0.0;0.0;0.0;0.0;0.0;0.0;0.0;0.0;0.0;0.0;
j3ChargesAutres;0.0;0.0;0.0;0.0;0.0;0.0;0.0;0.0;0.0;0.0;0.0;0.0;0.0;0.0;0.0;0.0;0.0;0.0;0.0;0.0;0.0;0.0;0.0;0.0;0.0;0.0;0.0;0.0;0.0;0.0;0.0;0.0;0.0;0.0;0.0;0.0;0.0;0.0;0.0;0.0;0.0;0.0;0.0;0.0;0.0;0.0;0.0;0.0;0.0;0.0;0.0;0.0;0.0;0.0;0.0;0.0;0.0;0.0;0.0;0.0;0.0;0.0;0.0;0.0;0.0;0.0;0.0;0.0;0.0;0.0;0.0;0.0;0.0;0.0;0.0;0.0;0.0;0.0;0.0;0.0;0.0;0.0;0.0;0.0;0.0;0.0;0.0;0.0;0.0;0.0;0.0;0.0;0.0;0.0;0.0;0.0;0.0;0.0;0.0;0.0;0.0;0.0;0.0;0.0;0.0;0.0;0.0;0.0;0.0;0.0;0.0;0.0;0.0;0.0;0.0;0.0;0.0;0.0;0.0;0.0;0.0;0.0;0.0;0.0;0.0;0.0;0.0;0.0;0.0;0.0;0.0;0.0;0.0;0.0;0.0;0.0;0.0;0.0;0.0;0.0;0.0;0.0;0.0;0.0;0.0;0.0;0.0;0.0;0.0;0.0;0.0;0.0;0.0;0.0;0.0;0.0;0.0;0.0;0.0;0.0;0.0;0.0;0.0;0.0;0.0;0.0;0.0;0.0;0.0;0.0;0.0;0.0;0.0;0.0;0.0;0.0;0.0;0.0;0.0;0.0;0.0;0.0;0.0;0.0;0.0;0.0;0.0;0.0;0.0;0.0;0.0;0.0;0.0;0.0;0.0;0.0;0.0;0.0;0.0;0.0;0.0;0.0;0.0;0.0;0.0;0.0;0.0;0.0;0.0;0.0;0.0;0.0;0.0;0.0;0.0;0.0;0.0;0.0;0.0;0.0;0.0;0.0;0.0;0.0;0.0;0.0;0.0;0.0;0.0;0.0;0.0;0.0;0.0;0.0;0.0;0.0;0.0;0.0;0.0;0.0;0.0;0.0;0.0;0.0;0.0;0.0;0.0;0.0;0.0;0.0;0.0;0.0;0.0;0.0;0.0;0.0;0.0;0.0;0.0;0.0;0.0;0.0;0.0;0.0;0.0;0.0;0.0;0.0;0.0;0.0;0.0;0.0;0.0;0.0;
j3Produit;0.0;0.0;0.0;0.0;0.0;0.0;0.0;0.0;0.0;0.0;0.0;0.0;0.0;0.0;0.0;0.0;0.0;0.0;0.0;0.0;0.0;0.0;0.0;0.0;0.0;0.0;0.0;0.0;0.0;0.0;0.0;0.0;0.0;0.0;0.0;0.0;0.0;0.0;0.0;0.0;0.0;0.0;0.0;0.0;0.0;0.0;0.0;0.0;0.0;0.0;0.0;0.0;0.0;0.0;0.0;0.0;0.0;0.0;0.0;0.0;0.0;0.0;0.0;0.0;0.0;0.0;0.0;0.0;0.0;0.0;0.0;0.0;0.0;0.0;0.0;0.0;0.0;0.0;0.0;0.0;0.0;0.0;0.0;0.0;0.0;0.0;0.0;0.0;0.0;0.0;0.0;0.0;0.0;0.0;0.0;0.0;0.0;0.0;0.0;0.0;0.0;0.0;0.0;0.0;0.0;0.0;0.0;0.0;0.0;0.0;0.0;0.0;0.0;0.0;0.0;0.0;0.0;0.0;0.0;0.0;0.0;0.0;0.0;0.0;0.0;0.0;0.0;0.0;0.0;0.0;0.0;0.0;0.0;0.0;0.0;0.0;0.0;0.0;0.0;0.0;0.0;0.0;0.0;0.0;0.0;0.0;0.0;0.0;0.0;0.0;0.0;0.0;0.0;0.0;0.0;0.0;0.0;0.0;0.0;0.0;0.0;0.0;0.0;0.0;0.0;0.0;0.0;0.0;0.0;0.0;0.0;0.0;0.0;0.0;0.0;0.0;0.0;0.0;0.0;0.0;0.0;0.0;0.0;0.0;0.0;0.0;0.0;0.0;0.0;0.0;0.0;0.0;0.0;0.0;0.0;0.0;0.0;0.0;0.0;0.0;0.0;0.0;0.0;0.0;0.0;0.0;0.0;0.0;0.0;0.0;0.0;0.0;0.0;0.0;0.0;0.0;0.0;0.0;0.0;0.0;0.0;0.0;0.0;0.0;0.0;0.0;0.0;0.0;0.0;0.0;0.0;0.0;0.0;0.0;0.0;0.0;0.0;0.0;0.0;0.0;0.0;0.0;0.0;0.0;0.0;0.0;0.0;0.0;0.0;0.0;0.0;0.0;0.0;0.0;0.0;0.0;0.0;0.0;0.0;0.0;0.0;0.0;0.0;0.0;0.0;0.0;0.0;0.0;0.0;0.0;0.0;0.0;0.0;0.0;
j1ChargesTaxe;0.0;0.0;0.0;0.0;0.0;0.0;0.0;0.0;0.0;0.0;0.0;0.0;0.0;0.0;0.0;0.0;0.0;0.0;0.0;0.0;0.0;0.0;0.0;0.0;0.0;0.0;0.0;0.0;0.0;0.0;0.0;0.0;0.0;14541.0;14541.0;14541.0;14541.0;14541.0;14541.0;14541.0;14541.0;14541.0;14541.0;14541.0;14541.0;14541.0;14541.0;14541.0;14541.0;14541.0;14541.0;14541.0;14541.0;14541.0;14541.0;14541.0;14541.0;14541.0;14541.0;14541.0;14541.0;14541.0;14541.0;14541.0;14541.0;14541.0;8882.0;8882.0;8882.0;8882.0;8882.0;8882.0;8882.0;8882.0;8882.0;8882.0;8882.0;10455.0;10455.0;10455.0;10455.0;10455.0;10455.0;10455.0;10455.0;10455.0;6070.0;6070.0;6070.0;6070.0;6070.0;6070.0;6070.0;6070.0;6070.0;10315.0;10315.0;10315.0;10315.0;10315.0;10315.0;10315.0;10315.0;10315.0;10315.0;10315.0;10315.0;10315.0;10315.0;10315.0;10315.0;10315.0;10315.0;10315.0;10315.0;10315.0;10315.0;10315.0;10315.0;10315.0;10315.0;10315.0;10315.0;10315.0;10315.0;10315.0;10315.0;10315.0;10315.0;10315.0;10315.0;10315.0;10315.0;10315.0;10315.0;10315.0;10315.0;10315.0;10315.0;10315.0;10315.0;10315.0;10315.0;10315.0;10315.0;10315.0;10315.0;10315.0;10315.0;10315.0;10315.0;10315.0;10315.0;10315.0;10315.0;10315.0;10315.0;10315.0;10315.0;10315.0;10315.0;10315.0;10315.0;10315.0;10315.0;10315.0;10315.0;10315.0;10315.0;10315.0;10315.0;10315.0;10315.0;10315.0;10315.0;10315.0;10315.0;10315.0;10315.0;10315.0;10315.0;10315.0;10315.0;10315.0;10315.0;10315.0;10315.0;10315.0;10315.0;10315.0;10315.0;10315.0;10315.0;10315.0;10315.0;10315.0;10315.0;10315.0;10315.0;10315.0;10315.0;10315.0;10315.0;10315.0;10315.0;10315.0;10315.0;10315.0;10315.0;10315.0;10315.0;10315.0;10315.0;10315.0;10315.0;10315.0;10315.0;10315.0;10315.0;10315.0;10315.0;10315.0;10315.0;10315.0;10315.0;10315.0;10315.0;10315.0;10315.0;10315.0;10315.0;10315.0;10315.0;10315.0;10315.0;10315.0;10315.0;10315.0;10315.0;10315.0;10315.0;10315.0;10315.0;10315.0;10315.0;10315.0;10315.0;10315.0;10315.0;10315.0;10315.0;10315.0;10315.0;7902.0;7902.0;7902.0;7902.0;7902.0;7902.0;7902.0;7902.0;7902.0;11265.0;11265.0;11265.0;11265.0;11265.0;11265.0;11265.0;11265.0;11265.0;11265.0;11265.0;11265.0;
j3ChargesTaxe;0.0;0.0;0.0;0.0;0.0;0.0;0.0;0.0;0.0;0.0;0.0;0.0;0.0;0.0;0.0;0.0;0.0;0.0;0.0;0.0;0.0;0.0;0.0;0.0;0.0;0.0;0.0;0.0;0.0;0.0;0.0;0.0;0.0;0.0;0.0;0.0;0.0;0.0;0.0;0.0;0.0;0.0;0.0;0.0;0.0;0.0;0.0;0.0;0.0;0.0;0.0;0.0;0.0;0.0;0.0;0.0;0.0;0.0;0.0;0.0;0.0;0.0;0.0;0.0;0.0;0.0;0.0;0.0;0.0;0.0;0.0;0.0;0.0;0.0;0.0;0.0;0.0;0.0;0.0;0.0;0.0;0.0;0.0;0.0;0.0;0.0;0.0;0.0;0.0;0.0;0.0;0.0;0.0;0.0;0.0;0.0;0.0;0.0;0.0;0.0;0.0;0.0;0.0;0.0;0.0;0.0;0.0;0.0;0.0;0.0;0.0;0.0;0.0;0.0;0.0;0.0;0.0;0.0;0.0;0.0;0.0;0.0;0.0;0.0;0.0;0.0;0.0;0.0;0.0;0.0;0.0;0.0;0.0;0.0;0.0;0.0;0.0;0.0;0.0;0.0;0.0;0.0;0.0;0.0;0.0;0.0;0.0;0.0;0.0;0.0;0.0;0.0;0.0;0.0;0.0;0.0;0.0;0.0;0.0;0.0;0.0;0.0;0.0;0.0;0.0;0.0;0.0;0.0;0.0;0.0;0.0;0.0;0.0;0.0;0.0;0.0;0.0;0.0;0.0;0.0;0.0;0.0;0.0;0.0;0.0;0.0;0.0;0.0;0.0;0.0;0.0;0.0;0.0;0.0;0.0;0.0;0.0;0.0;0.0;0.0;0.0;0.0;0.0;0.0;0.0;0.0;0.0;0.0;0.0;0.0;0.0;0.0;0.0;0.0;0.0;0.0;0.0;0.0;0.0;0.0;0.0;0.0;0.0;0.0;0.0;0.0;0.0;0.0;0.0;0.0;0.0;0.0;0.0;0.0;0.0;0.0;0.0;0.0;0.0;0.0;0.0;0.0;0.0;0.0;0.0;0.0;0.0;0.0;0.0;0.0;0.0;0.0;0.0;0.0;0.0;0.0;0.0;0.0;0.0;0.0;0.0;0.0;0.0;0.0;0.0;0.0;0.0;0.0;0.0;0.0;0.0;0.0;0.0;0.0;
qtRefPeche_Bar;0.0;0.0;0.0;0.0;0.0;0.0;0.0;0.0;0.0;0.0;0.0;0.0;2.09;2.09;2.09;2.09;2.09;3.02;3.02;3.02;3.02;3.02;3.02;3.02;3.02;3.02;3.02;3.02;3.02;3.02;3.02;3.02;3.02;0.0;0.0;0.0;0.0;0.0;0.0;0.0;0.0;0.0;0.0;0.0;0.0;0.0;0.0;0.0;0.0;0.0;0.0;0.0;0.0;0.0;0.0;0.0;0.0;0.0;0.0;0.0;0.0;0.0;0.0;0.0;0.0;0.0;0.0;0.0;1.75;1.75;1.75;1.75;1.75;1.75;1.75;1.75;1.75;0.0;0.0;0.0;0.0;0.0;0.0;0.0;0.0;0.0;0.0;0.0;1.75;1.75;1.75;1.75;1.75;1.75;1.75;0.0;0.0;0.0;0.0;0.0;0.0;0.0;0.0;0.0;0.0;0.0;0.0;0.0;0.0;0.0;0.0;0.0;0.0;0.0;0.0;0.0;0.0;0.0;0.0;0.0;0.0;0.0;0.0;0.0;0.0;0.0;0.0;0.0;0.0;0.0;0.0;0.0;0.0;0.0;0.0;0.0;0.0;0.0;0.0;0.0;0.0;0.0;0.0;0.0;0.0;0.0;0.0;0.0;0.0;0.0;0.0;0.0;0.0;0.0;0.0;0.0;0.0;0.0;0.0;0.0;0.0;0.0;0.0;0.0;0.0;0.0;0.0;0.0;0.0;0.0;0.0;0.0;0.0;0.0;0.0;0.0;0.0;0.0;0.0;0.0;0.0;0.0;0.0;0.0;0.0;0.0;0.0;0.0;0.0;0.0;0.0;0.0;0.0;0.0;0.0;0.0;0.0;0.0;0.0;0.0;0.0;0.0;0.0;0.0;0.0;0.0;0.0;0.0;0.0;0.0;0.0;0.0;0.0;0.0;0.0;0.0;0.0;0.0;0.0;0.0;0.0;0.0;0.0;0.0;0.0;0.0;0.0;0.0;0.0;0.0;0.0;0.0;0.0;0.0;0.0;0.0;0.0;0.0;0.0;0.0;0.0;0.0;0.0;0.0;0.0;0.0;0.0;0.0;0.0;0.0;0.0;0.0;0.0;0.0;0.0;0.0;1.74;1.74;1.74;2.62;2.62;2.62;0.0;0.0;0.0;0.0;0.0;0.0;0.0;0.0;0.0;0.0;0.0;0.0;
j2Benefice;0.0;0.0;0.0;0.0;0.0;0.0;0.0;0.0;0.0;0.0;0.0;0.0;0.0;0.0;0.0;0.0;0.0;0.0;0.0;0.0;0.0;0.0;0.0;0.0;0.0;0.0;0.0;0.0;0.0;0.0;0.0;0.0;0.0;0.0;0.0;0.0;0.0;0.0;0.0;0.0;0.0;0.0;0.0;0.0;0.0;0.0;0.0;0.0;0.0;0.0;0.0;0.0;0.0;0.0;0.0;0.0;0.0;0.0;0.0;0.0;0.0;0.0;0.0;0.0;0.0;0.0;0.0;0.0;0.0;0.0;0.0;0.0;0.0;0.0;0.0;0.0;0.0;0.0;0.0;0.0;0.0;0.0;0.0;0.0;0.0;0.0;0.0;0.0;0.0;0.0;0.0;0.0;0.0;0.0;0.0;0.0;0.0;0.0;0.0;0.0;0.0;0.0;0.0;0.0;0.0;0.0;0.0;0.0;0.0;0.0;0.0;0.0;0.0;0.0;0.0;0.0;0.0;0.0;0.0;0.0;0.0;0.0;0.0;0.0;0.0;0.0;0.0;0.0;0.0;0.0;0.0;0.0;0.0;0.0;0.0;0.0;0.0;0.0;0.0;0.0;0.0;0.0;0.0;0.0;0.0;0.0;0.0;0.0;0.0;0.0;0.0;0.0;0.0;0.0;0.0;0.0;0.0;0.0;0.0;0.0;0.0;0.0;0.0;0.0;0.0;0.0;0.0;0.0;0.0;0.0;0.0;0.0;0.0;0.0;0.0;0.0;0.0;0.0;0.0;0.0;0.0;0.0;0.0;0.0;0.0;0.0;0.0;0.0;0.0;0.0;0.0;0.0;0.0;0.0;0.0;0.0;0.0;0.0;0.0;0.0;0.0;0.0;0.0;0.0;0.0;0.0;0.0;0.0;0.0;0.0;0.0;0.0;0.0;0.0;0.0;0.0;0.0;0.0;0.0;0.0;0.0;0.0;0.0;0.0;0.0;0.0;0.0;0.0;0.0;0.0;0.0;0.0;0.0;0.0;0.0;0.0;0.0;0.0;0.0;0.0;0.0;0.0;0.0;0.0;0.0;0.0;0.0;0.0;0.0;0.0;0.0;0.0;0.0;0.0;0.0;0.0;0.0;0.0;0.0;0.0;0.0;0.0;0.0;0.0;0.0;0.0;0.0;0.0;0.0;0.0;0.0;0.0;0.0;0.0;
qtPeche_Merlu;0.0;0.0;0.0;0.0;0.0;0.0;0.0;0.0;0.0;0.0;0.0;0.0;0.0;0.0;0.0;0.0;0.0;0.0;0.0;0.0;0.0;0.0;0.0;0.0;0.0;0.0;0.0;0.0;0.0;0.0;0.0;0.0;0.0;0.0;0.0;0.0;0.0;0.0;0.0;0.0;0.0;0.0;0.0;0.0;0.0;0.0;0.0;0.0;0.0;0.0;0.0;0.0;0.0;0.0;0.0;0.0;0.0;0.0;0.0;0.0;0.0;0.0;0.0;0.0;0.0;0.0;0.0;0.0;0.0;0.0;0.0;0.0;0.0;0.0;0.0;0.0;0.0;0.0;0.0;0.0;0.0;0.0;0.0;0.0;0.0;0.0;0.0;0.0;0.0;0.0;0.0;0.0;0.0;0.0;0.0;0.0;0.0;0.0;0.0;0.0;0.0;0.0;0.0;0.0;0.0;0.0;0.0;0.0;0.0;0.0;0.0;0.0;0.0;0.0;0.0;0.0;0.0;0.0;0.0;0.0;0.0;0.0;0.0;0.0;0.0;0.0;0.0;0.0;0.0;0.0;0.0;0.0;0.0;0.0;0.0;0.0;0.0;0.0;0.0;0.0;0.0;0.0;0.0;0.0;0.0;0.0;0.0;0.0;0.0;0.0;0.0;0.0;0.0;0.0;0.0;0.0;0.0;0.0;0.0;0.0;0.0;0.0;0.0;0.0;0.0;0.0;0.0;0.0;0.0;0.0;0.0;0.0;0.0;0.0;0.0;0.0;0.0;0.0;0.0;0.0;0.0;0.0;0.0;0.0;0.0;0.0;0.0;0.0;0.0;0.0;0.0;0.0;0.0;0.0;0.0;0.0;0.0;0.0;0.0;0.0;0.0;0.0;0.0;0.0;0.0;0.0;0.0;0.0;0.0;0.0;0.0;0.0;0.0;0.0;0.0;0.0;0.0;0.0;0.0;0.0;0.0;0.0;0.0;0.0;0.0;0.0;0.0;0.0;0.0;0.0;0.0;0.0;0.0;0.0;0.0;0.0;0.0;0.0;0.0;0.0;0.0;0.0;0.0;0.0;0.0;0.0;0.0;0.0;0.0;0.0;0.0;0.0;0.0;0.0;0.0;0.0;0.0;0.0;0.0;0.0;0.0;0.0;0.0;0.0;0.0;0.0;0.0;0.0;0.0;0.0;0.0;0.0;0.0;0.0;
qtStock_Merlu;36455.0;36455.0;36455.0;36455.0;36455.0;36455.0;36455.0;36455.0;36455.0;36455.0;36455.0;36455.0;36455.0;36455.0;36455.0;36455.0;36455.0;36455.0;36455.0;36455.0;36455.0;36455.0;36455.0;36455.0;36455.0;36455.0;36455.0;36455.0;36455.0;36455.0;36455.0;36455.0;36455.0;36455.0;36455.0;36455.0;36455.0;36455.0;36455.0;36455.0;36455.0;36455.0;36455.0;36455.0;36455.0;36455.0;36455.0;36455.0;36455.0;36455.0;36455.0;36455.0;36455.0;36455.0;36455.0;36455.0;36455.0;36455.0;36455.0;36455.0;36455.0;36455.0;36455.0;36455.0;36455.0;19277.0;19277.0;19277.0;19277.0;19277.0;19277.0;19277.0;19277.0;19277.0;19277.0;19277.0;19277.0;19277.0;19277.0;19277.0;19277.0;19277.0;19277.0;19277.0;19277.0;34367.0;34367.0;34367.0;34367.0;34367.0;34367.0;34367.0;34367.0;34367.0;34367.0;34367.0;34367.0;34367.0;34367.0;34367.0;34367.0;34367.0;34367.0;34367.0;34367.0;34367.0;34367.0;34367.0;34367.0;34367.0;34367.0;34367.0;34367.0;34367.0;34367.0;34367.0;34367.0;34367.0;34367.0;34367.0;34367.0;34367.0;34367.0;34367.0;34367.0;34367.0;34367.0;34367.0;34367.0;34367.0;34367.0;34367.0;34367.0;34367.0;34367.0;34367.0;34367.0;34367.0;34367.0;34367.0;34367.0;34367.0;34367.0;34367.0;34367.0;34367.0;34367.0;34367.0;34367.0;34367.0;34367.0;34367.0;34367.0;34367.0;34367.0;34367.0;34367.0;34367.0;34367.0;34367.0;34367.0;34367.0;34367.0;34367.0;34367.0;34367.0;34367.0;34367.0;34367.0;34367.0;34367.0;34367.0;34367.0;34367.0;34367.0;34367.0;34367.0;34367.0;34367.0;34367.0;34367.0;34367.0;34367.0;34367.0;34367.0;34367.0;34367.0;34367.0;34367.0;34367.0;34367.0;34367.0;34367.0;34367.0;34367.0;34367.0;34367.0;34367.0;34367.0;34367.0;34367.0;34367.0;34367.0;34367.0;34367.0;34367.0;34367.0;34367.0;34367.0;34367.0;34367.0;34367.0;34367.0;34367.0;34367.0;34367.0;34367.0;34367.0;34367.0;34367.0;34367.0;34367.0;34367.0;34367.0;34367.0;34367.0;34367.0;34367.0;34367.0;34367.0;34367.0;34367.0;34367.0;34367.0;34367.0;34367.0;34367.0;34367.0;34367.0;34367.0;34367.0;34367.0;34367.0;34367.0;34367.0;34367.0;34367.0;34367.0;34367.0;34367.0;34367.0;34367.0;23411.0;23411.0;23411.0;23411.0;23411.0;23411.0;23411.0;23411.0;23411.0;23411.0;23411.0;23411.0;23411.0;23411.0;23411.0;23411.0;23411.0;23411.0;23411.0;23411.0;23411.0;34672.0;
j1Benefice;0.0;0.0;0.0;0.0;0.0;0.0;0.0;0.0;0.0;0.0;0.0;0.0;0.0;0.0;0.0;0.0;0.0;0.0;0.0;0.0;0.0;0.0;0.0;0.0;0.0;0.0;0.0;0.0;0.0;0.0;0.0;0.0;-359.0;35993.0;35993.0;35993.0;35993.0;35993.0;35993.0;35993.0;35993.0;35993.0;35993.0;35993.0;35993.0;35993.0;35993.0;35993.0;35993.0;35993.0;35993.0;35993.0;35993.0;35993.0;35993.0;35993.0;35993.0;35993.0;35993.0;35993.0;35993.0;35993.0;35993.0;35993.0;35993.0;35993.0;21845.0;21845.0;21845.0;21845.0;21845.0;21845.0;21845.0;21845.0;21845.0;21845.0;21845.0;26027.0;26027.0;26027.0;26027.0;26027.0;26027.0;26027.0;26027.0;26027.0;15086.0;15086.0;15086.0;15086.0;15086.0;15086.0;15086.0;15086.0;15086.0;25697.0;25697.0;25697.0;25697.0;25697.0;25697.0;25697.0;25697.0;25697.0;25697.0;25697.0;25697.0;25697.0;25697.0;25697.0;25697.0;25697.0;25697.0;25697.0;25697.0;25697.0;25697.0;25697.0;25697.0;25697.0;25697.0;25697.0;25697.0;25697.0;25697.0;25697.0;25697.0;25697.0;25697.0;25697.0;25697.0;25697.0;25697.0;25697.0;25697.0;25697.0;25697.0;25697.0;25697.0;25697.0;25697.0;25697.0;25697.0;25697.0;25697.0;25697.0;25697.0;25697.0;25697.0;25697.0;25697.0;25697.0;25697.0;25697.0;25697.0;25697.0;25697.0;25697.0;25697.0;25697.0;25697.0;25697.0;25697.0;25697.0;25697.0;25697.0;25697.0;25697.0;25697.0;25697.0;25697.0;25697.0;25697.0;25697.0;25697.0;25697.0;25697.0;25697.0;25697.0;25697.0;25697.0;25697.0;25697.0;25697.0;25697.0;25697.0;25697.0;25697.0;25697.0;25697.0;25697.0;25697.0;25697.0;25697.0;25697.0;25697.0;25697.0;25697.0;25697.0;25697.0;25697.0;25697.0;25697.0;25697.0;25697.0;25697.0;25697.0;25697.0;25697.0;25697.0;25697.0;25697.0;25697.0;25697.0;25697.0;25697.0;25697.0;25697.0;25697.0;25697.0;25697.0;25697.0;25697.0;25697.0;25697.0;25697.0;25697.0;25697.0;25697.0;25697.0;25697.0;25697.0;25697.0;25697.0;25697.0;25697.0;25697.0;25697.0;25697.0;25697.0;25697.0;25697.0;25697.0;25697.0;25697.0;25697.0;25697.0;25697.0;25697.0;25697.0;25697.0;25697.0;25697.0;19598.0;19598.0;19598.0;19598.0;19598.0;19598.0;19598.0;19598.0;19598.0;28071.0;28071.0;28071.0;28071.0;28071.0;28071.0;28071.0;28071.0;28071.0;28071.0;28071.0;28071.0;
j2ChargesAutres;0.0;0.0;0.0;0.0;0.0;0.0;0.0;0.0;0.0;0.0;0.0;0.0;0.0;0.0;0.0;0.0;0.0;0.0;0.0;0.0;0.0;0.0;0.0;0.0;0.0;0.0;0.0;0.0;0.0;0.0;0.0;0.0;0.0;0.0;0.0;0.0;0.0;0.0;0.0;0.0;0.0;0.0;0.0;0.0;0.0;0.0;0.0;0.0;0.0;0.0;0.0;0.0;0.0;0.0;0.0;0.0;0.0;0.0;0.0;0.0;0.0;0.0;0.0;0.0;0.0;0.0;0.0;0.0;0.0;0.0;0.0;0.0;0.0;0.0;0.0;0.0;0.0;0.0;0.0;0.0;0.0;0.0;0.0;0.0;0.0;0.0;0.0;0.0;0.0;0.0;0.0;0.0;0.0;0.0;0.0;0.0;0.0;0.0;0.0;0.0;0.0;0.0;0.0;0.0;0.0;0.0;0.0;0.0;0.0;0.0;0.0;0.0;0.0;0.0;0.0;0.0;0.0;0.0;0.0;0.0;0.0;0.0;0.0;0.0;0.0;0.0;0.0;0.0;0.0;0.0;0.0;0.0;0.0;0.0;0.0;0.0;0.0;0.0;0.0;0.0;0.0;0.0;0.0;0.0;0.0;0.0;0.0;0.0;0.0;0.0;0.0;0.0;0.0;0.0;0.0;0.0;0.0;0.0;0.0;0.0;0.0;0.0;0.0;0.0;0.0;0.0;0.0;0.0;0.0;0.0;0.0;0.0;0.0;0.0;0.0;0.0;0.0;0.0;0.0;0.0;0.0;0.0;0.0;0.0;0.0;0.0;0.0;0.0;0.0;0.0;0.0;0.0;0.0;0.0;0.0;0.0;0.0;0.0;0.0;0.0;0.0;0.0;0.0;0.0;0.0;0.0;0.0;0.0;0.0;0.0;0.0;0.0;0.0;0.0;0.0;0.0;0.0;0.0;0.0;0.0;0.0;0.0;0.0;0.0;0.0;0.0;0.0;0.0;0.0;0.0;0.0;0.0;0.0;0.0;0.0;0.0;0.0;0.0;0.0;0.0;0.0;0.0;0.0;0.0;0.0;0.0;0.0;0.0;0.0;0.0;0.0;0.0;0.0;0.0;0.0;0.0;0.0;0.0;0.0;0.0;0.0;0.0;0.0;0.0;0.0;0.0;0.0;0.0;0.0;0.0;0.0;0.0;0.0;0.0;
qtStock_Bar;7359.0;7359.0;7359.0;7359.0;7359.0;7359.0;7359.0;7359.0;7359.0;7359.0;7359.0;7359.0;6574.0;6574.0;6574.0;6574.0;6574.0;6224.69;6224.69;6224.69;6224.69;6224.69;6224.69;6224.69;6224.69;6224.69;6224.69;6224.69;6224.69;6224.69;6224.69;6224.69;6224.69;6224.69;6224.69;6224.69;6224.69;6224.69;6224.69;6224.69;6224.69;6224.69;6224.69;6224.69;6224.69;6224.69;6224.69;6224.69;6224.69;6224.69;6224.69;6224.69;6224.69;6224.69;6224.69;6224.69;6224.69;6224.69;6224.69;6224.69;6224.69;6224.69;6224.69;6224.69;6224.69;6859.0;6859.0;6859.0;6201.7;6201.7;6201.7;6201.7;6201.7;6201.7;6201.7;6201.7;6201.7;6201.7;6201.7;6201.7;6201.7;6201.7;6201.7;6201.7;6201.7;6840.0;6840.0;6840.0;6182.7;6182.7;6182.7;6182.7;6182.7;6182.7;6182.7;6182.7;6182.7;6182.7;6182.7;6182.7;6182.7;6182.7;6182.7;6182.7;6182.7;6182.7;6182.7;6182.7;6182.7;6182.7;6182.7;6182.7;6182.7;6182.7;6182.7;6182.7;6182.7;6182.7;6182.7;6182.7;6182.7;6182.7;6182.7;6182.7;6182.7;6182.7;6182.7;6182.7;6182.7;6182.7;6182.7;6182.7;6182.7;6182.7;6182.7;6182.7;6182.7;6182.7;6182.7;6182.7;6182.7;6182.7;6182.7;6182.7;6182.7;6182.7;6182.7;6182.7;6182.7;6182.7;6182.7;6182.7;6182.7;6182.7;6182.7;6182.7;6182.7;6182.7;6182.7;6182.7;6182.7;6182.7;6182.7;6182.7;6182.7;6182.7;6182.7;6182.7;6182.7;6182.7;6182.7;6182.7;6182.7;6182.7;6182.7;6182.7;6182.7;6182.7;6182.7;6182.7;6182.7;6182.7;6182.7;6182.7;6182.7;6182.7;6182.7;6182.7;6182.7;6182.7;6182.7;6182.7;6182.7;6182.7;6182.7;6182.7;6182.7;6182.7;6182.7;6182.7;6182.7;6182.7;6182.7;6182.7;6182.7;6182.7;6182.7;6182.7;6182.7;6182.7;6182.7;6182.7;6182.7;6182.7;6182.7;6182.7;6182.7;6182.7;6182.7;6182.7;6182.7;6182.7;6182.7;6182.7;6182.7;6182.7;6182.7;6182.7;6182.7;6182.7;6182.7;6182.7;6182.7;6182.7;6182.7;6182.7;6182.7;6182.7;6182.7;6182.7;6182.7;6182.7;6182.7;6182.7;6182.7;6182.7;6182.7;6182.7;6182.7;6182.7;6182.7;6182.7;6825.0;6825.0;6825.0;6825.0;6171.46;6171.46;6171.46;5840.93;5840.93;5840.93;5840.93;5840.93;5840.93;5840.93;5840.93;5840.93;5840.93;5840.93;5840.93;5840.93;5840.93;6537.0;
